{"stats":{"minecraft:crafted":{"minecraft:crafting_table":1,"minecraft:stick":4,"minecraft:wooden_axe":1,"minecraft:dark_oak_planks":48},"minecraft:mined":{"minecraft:dark_oak_log":12,"minecraft:short_grass":2,"minecraft:mushroom_stem":11,"minecraft:brown_mushroom_block":11,"minecraft:red_mushroom_block":13,"minecraft:sugar_cane":1,"minecraft:oak_leaves":1},"minecraft:killed_by":{"minecraft:player":2},"minecraft:custom":{"minecraft:time_since_rest":8812,"minecraft:sprint_one_cm":34913,"minecraft:damage_taken":659,"minecraft:walk_one_cm":12693,"minecraft:mob_kills":1,"minecraft:damage_dealt":263,"minecraft:swim_one_cm":5209,"minecraft:interact_with_crafting_table":2,"minecraft:fly_one_cm":44228,"minecraft:player_kills":1,"minecraft:play_time":10426,"minecraft:deaths":2,"minecraft:sneak_time":29,"minecraft:walk_under_water_one_cm":585,"minecraft:jump":223,"minecraft:leave_game":1,"minecraft:walk_on_water_one_cm":1957,"minecraft:time_since_death":8781,"minecraft:total_world_time":10426,"minecraft:fall_one_cm":5720},"minecraft:killed":{"minecraft:sheep":1},"minecraft:picked_up":{"minecraft:brown_mushroom":5,"minecraft:red_mushroom":4,"minecraft:dark_oak_log":13,"minecraft:bone":2,"minecraft:arrow":6,"minecraft:rotten_flesh":1,"minecraft:oak_sapling":1,"minecraft:sugar_cane":3,"minecraft:mutton":2,"minecraft:white_wool":1},"minecraft:used":{"minecraft:wooden_axe":38,"minecraft:dark_oak_log":1,"minecraft:rotten_flesh":1,"minecraft:mutton":2,"minecraft:crafting_table":1,"minecraft:oak_sapling":1}},"DataVersion":3839}