{"stats":{"minecraft:crafted":{"minecraft:crafting_table":2,"minecraft:stick":8,"minecraft:wooden_pickaxe":1,"minecraft:stone_pickaxe":1,"minecraft:wooden_axe":1,"minecraft:furnace":1,"minecraft:white_bed":1,"minecraft:dark_oak_planks":24,"minecraft:stone_axe":1,"minecraft:air":0,"minecraft:cooked_mutton":2},"minecraft:mined":{"minecraft:white_bed":1,"minecraft:dark_oak_log":15,"minecraft:crafting_table":1,"minecraft:grass_block":1,"minecraft:sand":1,"minecraft:stone":16},"minecraft:killed_by":{"minecraft:player":1},"minecraft:custom":{"minecraft:time_since_rest":2877,"minecraft:interact_with_furnace":2,"minecraft:sprint_one_cm":21410,"minecraft:damage_taken":271,"minecraft:walk_one_cm":13050,"minecraft:mob_kills":6,"minecraft:damage_dealt":953,"minecraft:player_kills":2,"minecraft:interact_with_crafting_table":3,"minecraft:fly_one_cm":41972,"minecraft:crouch_one_cm":5198,"minecraft:play_time":10857,"minecraft:deaths":1,"minecraft:sneak_time":1463,"minecraft:jump":212,"minecraft:leave_game":1,"minecraft:time_since_death":9535,"minecraft:walk_on_water_one_cm":3812,"minecraft:sleep_in_bed":1,"minecraft:total_world_time":10857,"minecraft:fall_one_cm":4072},"minecraft:killed":{"minecraft:sheep":6},"minecraft:picked_up":{"minecraft:crafting_table":1,"minecraft:sand":1,"minecraft:white_bed":1,"minecraft:dark_oak_log":15,"minecraft:dirt":1,"minecraft:bone":4,"minecraft:mutton":10,"minecraft:white_wool":6,"minecraft:cobblestone":16},"minecraft:used":{"minecraft:cooked_mutton":1,"minecraft:wooden_axe":18,"minecraft:wooden_pickaxe":16,"minecraft:dirt":1,"minecraft:sand":1,"minecraft:crafting_table":3,"minecraft:furnace":1,"minecraft:white_bed":1}},"DataVersion":3839}